{"m_name":"lvbu","m_path":"Assets/Resources/Role/lvbu.prefab","HP":0,"energy":0,"mokang":0,"wukang":0,"playdic":{"1":{"m_compath":["Assets/SanGuoAnimation/LvBu/N_ds_attack_03.anim","Assets/Hovl Studio/Sword slash VFX/Prefabs/Sword Slash 5.prefab"],"m_time":[0.0,0.0],"m_pos_x":0.0,"m_pos_y":0.0,"m_pos_z":0.0,"m_movetime":0.0,"attack":0.0,"attdistance":0.0,"attaugle":0.0,"CD":0.5},"2":{"m_compath":["Assets/SanGuoAnimation/LvBu/N_ds_attack_04.anim","Assets/Hovl Studio/Sword slash VFX/Prefabs/Sword Slash 14.prefab"],"m_time":[0.0,0.0],"m_pos_x":0.0,"m_pos_y":0.0,"m_pos_z":0.0,"m_movetime":0.0,"attack":0.0,"attdistance":0.0,"attaugle":0.0,"CD":3.0},"3":{"m_compath":["Assets/SanGuoAnimation/LvBu/N_ds_skill_02.anim","Assets/Hovl Studio/Sword slash VFX/Prefabs/Sword Slash 15.prefab"],"m_time":[0.0,0.0],"m_pos_x":0.0,"m_pos_y":0.0,"m_pos_z":0.0,"m_movetime":0.0,"attack":0.0,"attdistance":0.0,"attaugle":0.0,"CD":4.0}}}